cluster,mean_english,mean_code_switched,mean_target,delta_cs,delta_target,n_neurons
1,5.706598,12.572803,13.347888,6.866205,7.64129,8
2,0.227,0.164255,0.155762,-0.062745,-0.071238,18536
