{
  "n_sentences": 999,
  "activation_threshold": 0.0,
  "metric1_neuron_similarity": {
    "fr_en_group": {
      "cs_fr_vs_french": {
        "jaccard_mean": 0.7548207669663997,
        "cosine_mean": 0.9328023284603371,
        "jaccard_early": 0.7261543132454346,
        "cosine_early": 0.9292230346688517,
        "jaccard_late": 0.7783521568843934,
        "cosine_late": 0.9379241805415492,
        "best_jaccard_layer": 27,
        "best_cosine_layer": 13,
        "n_sentences": 999
      },
      "cs_fr_vs_english": {
        "jaccard_mean": 0.6223915761991522,
        "cosine_mean": 0.8191691088585678,
        "jaccard_early": 0.5559172470133198,
        "cosine_early": 0.7629192059596738,
        "jaccard_late": 0.5881113114772601,
        "cosine_late": 0.7405193882572043,
        "best_jaccard_layer": 27,
        "best_cosine_layer": 13,
        "n_sentences": 999
      },
      "french_vs_english": {
        "jaccard_mean": 0.6013249494329626,
        "cosine_mean": 0.7833637995779915,
        "jaccard_early": 0.5049676833030471,
        "cosine_early": 0.6948474917310972,
        "jaccard_late": 0.5425649259303209,
        "cosine_late": 0.6459174071241904,
        "best_jaccard_layer": 13,
        "best_cosine_layer": 13,
        "n_sentences": 999
      }
    },
    "hi_en_group": {
      "cs_hi_vs_hindi": {
        "jaccard_mean": 0.8106057820549583,
        "cosine_mean": 0.95699936239829,
        "jaccard_early": 0.8148717083813022,
        "cosine_early": 0.9654338704394149,
        "jaccard_late": 0.8573889542953206,
        "cosine_late": 0.9724317341147959,
        "best_jaccard_layer": 26,
        "best_cosine_layer": 26,
        "n_sentences": 999
      },
      "cs_hi_vs_english": {
        "jaccard_mean": 0.5145494506194884,
        "cosine_mean": 0.6551096338271355,
        "jaccard_early": 0.4655384676035449,
        "cosine_early": 0.6201394841455303,
        "jaccard_late": 0.49134632127985034,
        "cosine_late": 0.4792679934507213,
        "best_jaccard_layer": 13,
        "best_cosine_layer": 13,
        "n_sentences": 999
      },
      "hindi_vs_english": {
        "jaccard_mean": 0.4984041723541557,
        "cosine_mean": 0.6214966963650274,
        "jaccard_early": 0.44066975346712245,
        "cosine_early": 0.5732357799633965,
        "jaccard_late": 0.4627195134717159,
        "cosine_late": 0.4030595015543847,
        "best_jaccard_layer": 13,
        "best_cosine_layer": 13,
        "n_sentences": 999
      }
    },
    "cross_cs": {
      "cs_fr_vs_cs_hi": {
        "jaccard_mean": 0.5392704025115177,
        "cosine_mean": 0.6939687853874351,
        "jaccard_early": 0.4827523104908099,
        "cosine_early": 0.6809846106264088,
        "jaccard_late": 0.5156499883376893,
        "cosine_late": 0.5056718080046682,
        "best_jaccard_layer": 8,
        "best_cosine_layer": 13,
        "n_sentences": 999
      }
    }
  },
  "check2_balanced_sentences": {
    "ratio_window": [
      0.45,
      0.55
    ],
    "note": "Same as metric1 but only sentences with matrix-lang token ratio in window. If dominance persists here, it cannot be explained by token frequency.",
    "fr_en_group": {
      "cs_fr_vs_french": {
        "jaccard_mean": 0.7266310866478055,
        "cosine_mean": 0.9127305563007083,
        "jaccard_early": 0.6491880575148778,
        "cosine_early": 0.8784696698188782,
        "jaccard_late": 0.7504080473544764,
        "cosine_late": 0.9112929314374923,
        "best_jaccard_layer": 27,
        "best_cosine_layer": 27,
        "n_sentences": 5
      },
      "cs_fr_vs_english": {
        "jaccard_mean": 0.6244137227920706,
        "cosine_mean": 0.8204456525189537,
        "jaccard_early": 0.5844635063815191,
        "cosine_early": 0.7951911360025407,
        "jaccard_late": 0.6398985569517687,
        "cosine_late": 0.8269032090902328,
        "best_jaccard_layer": 27,
        "best_cosine_layer": 27,
        "n_sentences": 5
      }
    },
    "hi_en_group": {
      "cs_hi_vs_hindi": {
        "jaccard_mean": 0.6684852030465126,
        "cosine_mean": 0.8665514980043684,
        "jaccard_early": 0.6373570174429061,
        "cosine_early": 0.8569057643413543,
        "jaccard_late": 0.710302576093384,
        "cosine_late": 0.8876894921064377,
        "best_jaccard_layer": 27,
        "best_cosine_layer": 7,
        "n_sentences": 5
      },
      "cs_hi_vs_english": {
        "jaccard_mean": 0.5721331462784363,
        "cosine_mean": 0.7606374634163721,
        "jaccard_early": 0.5334090256649303,
        "cosine_early": 0.7300658136606217,
        "jaccard_late": 0.5954685396891276,
        "cosine_late": 0.7174960047006607,
        "best_jaccard_layer": 27,
        "best_cosine_layer": 13,
        "n_sentences": 5
      }
    },
    "cross_cs": {
      "cs_fr_vs_cs_hi": {
        "jaccard_mean": 0.5777877135089374,
        "cosine_mean": 0.7589562430977822,
        "jaccard_early": 0.5254102383606014,
        "cosine_early": 0.7351659208536149,
        "jaccard_late": 0.5960477998526298,
        "cosine_late": 0.6981921508908272,
        "best_jaccard_layer": 27,
        "best_cosine_layer": 13,
        "n_sentences": 5
      }
    }
  },
  "check3b_aligned_embedded_english": {
    "note": "Position-matched comparison: same EN token string extracted from CS context vs the identical token in the monolingual English sentence. Eliminates whole-sentence mean baseline confound. vs_en_context: how much does CS context shift EN token activations away from pure EN? vs_matrix_mean: how much do shifted EN tokens resemble the matrix language?",
    "cs_hi": {
      "EN_tok_CS_vs_EN_context": {
        "cosine_mean": 0.7250337019329925,
        "cosine_early": 0.8283006061685156,
        "cosine_late": 0.8423407017304613,
        "jaccard_mean": 0.6008463372721204,
        "n_sentences": 999,
        "n_matched_tok_mean": 11.865865865865869
      },
      "EN_tok_CS_vs_matrix_mean": {
        "cosine_mean": 0.3855991226488103,
        "cosine_early": 0.4212531918357756,
        "cosine_late": 0.35670518040784593,
        "jaccard_mean": 0.4545328320865747,
        "n_sentences": 999,
        "n_matched_tok_mean": 11.865865865865869
      },
      "interpretation": "If vs_matrix_mean > vs_en_context in late layers: Hindi context pulls EN token activations toward Hindi ? structural matrix dominance."
    },
    "cs_fr": {
      "EN_tok_CS_vs_EN_context": {
        "cosine_mean": 0.8286341739565147,
        "cosine_early": 0.8711778834477082,
        "cosine_late": 0.8885522841944828,
        "jaccard_mean": 0.667209388651574,
        "n_sentences": 999,
        "n_matched_tok_mean": 17.99299299299299
      },
      "EN_tok_CS_vs_matrix_mean": {
        "cosine_mean": 0.6241857140093054,
        "cosine_early": 0.5715208851908976,
        "cosine_late": 0.6115959406717567,
        "jaccard_mean": 0.5382298708730684,
        "n_sentences": 999,
        "n_matched_tok_mean": 17.99299299299299
      },
      "interpretation": "Same as above for French-English."
    }
  },
  "check3_embedded_english_tokens": {
    "note": "Activations of EN tokens inside CS sentences vs monolingual baselines. If EN-in-cs_hi is more similar to Hindi than English, the matrix language dominates even individual embedded tokens ? ruling out frequency as an explanation.",
    "cs_hi": {
      "EN_tokens_vs_english": {
        "cosine_mean": 0.4694854016414095,
        "cosine_early": 0.5990847828793335,
        "cosine_late": 0.5319282599372743,
        "n_sentences": 999
      },
      "EN_tokens_vs_hindi": {
        "cosine_mean": 0.4178938769865323,
        "cosine_early": 0.43915425485617166,
        "cosine_late": 0.3914327700908538,
        "n_sentences": 999
      },
      "interpretation": "If hindi > english: matrix dominance is token-level, not frequency artifact"
    },
    "cs_fr": {
      "EN_tokens_vs_english": {
        "cosine_mean": 0.7154190041962688,
        "cosine_early": 0.7188350652219602,